ao doi,ao cap => __synonym__ao_doi,
abercrombie,aber => __synonym__abercrombie,
adapter,bo chuyen doi => __synonym__adapter,
aeropostale,aero => __synonym__aeropostale,
airline,airlines => __synonym__airline,
airpods,airpod => __synonym__airpods,
alphabet,chu cai => __synonym__alphabet,
ao cap,ao doi => __synonym__ao_cap,
ao co lo,ao co tru => __synonym__ao_co_lo,
ao cuoi,vay co dau,vay cuoi => __synonym__ao_cuoi,
ao dam,vay ao,ao vay => __synonym__ao_dam,
ao hai day,ao day,ao 2 day => __synonym__ao_hai_day,
ao jean,ao jeans => __synonym__ao_jean,
ao khoac cap,ao khoac doi => __synonym__ao_khoac_cap,
ao khoat,ao khoac => __synonym__ao_khoac,
ao lot,ao nguc,bralette,ao con,bra => __synonym__ao_lot,
ao mua,ao di mua => __synonym__ao_mua,
ao phao,ao khoac phao => __synonym__ao_phao,
ao thun,ao phong => __synonym__ao_thun,
ao vest,ao khoac vest => __synonym__ao_vest,
aolike,aolikes => __synonym__aolike,
april skin,aprilskin => __synonym__april_skin,
authentic,auth => __synonym__authentic,
avengers,avenger => __synonym__avengers,
baggi,baggy,bagy => __synonym__baggi,
bai tay,tu lo kho => __synonym__bai_tay,
balo => __synonym__balo,
ban la,ban ui => __synonym__ban_la,
ban phim,keyboards,keyboard => __synonym__ban_phim,
ban si,ban buon => __synonym__ban_si,
banh lan,roller,con lan => __synonym__banh_lan,
banh qui,biscuits,banh quy => __synonym__banh_qui,
bat lua,hot quet,hop quet => __synonym__bat_lua
bao cao su,bcs => __synonym__bao_cao_su,
bap cai,cai bap => __synonym__bap_cai,
baseball,bong chay => __synonym__baseball,
bat lua,hop quet => __synonym__bat_lua,
battery,batteries => __synonym__pin,
bbq,grill => __synonym__bbq,
be trai,em be trai => __synonym__be_trai,
bep ga,bep gas => __synonym__bep_ga,
beret,mu noi => __synonym__bere,
bi a,billiard => __synonym__bi_a,
big,large => __synonym__big,
binh chua,binh dung => __synonym__binh_chua,
binh ga,binh gas => __synonym__binh_ga,
binh uong nuoc,binh nuoc => __synonym__binh_uong_nuoc,
binh xit,binh phun,binh tuoi => __synonym__binh_xit,
blackmores,blackmore => __synonym__blackmores,
blossom,blossoms => __synonym__blossom,
bo do ngu,bo ngu,do bo ngu => __synonym__bo_do_ngu,
bo giam xoc,giam xoc => __synonym__bo_giam_xoc,
bong tai,khuyen tai,hoa tai => __synonym__bong_tai,
borip,bozip => __synonym__borip,
bourjois,bourjoi => __synonym__bourjois,
brauns,braun => __synonym__brauns,
broadlinks,broadlink => __synonym__broadlinks,
buoi dem,ban dem => __synonym__buoi_dem,
buong tam,nha tam,phong tam => __synonym__buong_tam,
but chi,chiec but chi,cai but chi,cay but chi => __synonym__but_chi,
burberry,bur => __synonym__burberry,
bvlgari,bvl => __synonym__bvlgari,
ca hoi,salmon => __synonym__ca_hoi,
ca tinh,moi la,doc dao,moi me,bat mat,an tuong,pha cach,kool,cuc chat => __synonym__ca_tinh,
ca vat,caravat => __synonym__ca_vat,
cai kep toc,cap toc,kep toc => __synonym__cai_kep_toc,
calcium,canxi => __synonym__calcium,
calvin klein,ck => __synonym__calvin_klein,
caro,ca ro => __synonym__caro,
can tieu li,can tieu ly => __synonym__can_tieu_li,
canh cay,nhanh cay => __synonym__canh_cay,
carbon,cacbon => __synonym__carbon,
carters,carter => __synonym__carters,
cartoon,cartoons => __synonym__cartoon,
cau dao,aptomat => __synonym__cau_dao,
cay canh,bonsai => __synonym__cay_kieng,
cay day leo,cay leo,cay than leo => __synonym__cay_day_leo,
cay sen,hoa sen => __synonym__sen,
cha gio,cha lua,gio lua => __synonym__cha_gio,
cham khac,cham tro => __synonym__cham_khac,
champions,champion => __synonym__champions,
chan nuoi,nuoi => __synonym__chan_nuoi,
chan tay,tay chan => __synonym__chan_tay,
chi ke mat,eyeliner,but ke mat => __synonym__chi_ke_mat,
chieu ngang,be ngang => __synonym__chieu_ngang,
chiffon,voan => __synonym__chiffon,
china,trung quoc => __synonym__china,
cho con bu,cho be bu => __synonym__cho_con_bu,
choi lau san,choi lau nha,cay lau nha => __synonym__choi_lau_san,
chong nuoc,chong tham => __synonym__chong_nuoc,
chong tham nuoc,khong tham nuoc,khang nuoc => __synonym__chong_tham_nuoc,
chrysanthemum,cay hoa cuc,hoa cuc => __synonym__chrysanthemum,
clb,cau lac bo => __synonym__clb,
colored,colour,color,colours,colors => __synonym__colored,
computer,computers => __synonym__computer,
con chuot,chuot,mouse => __synonym__con_chuot,
cong dung,hieu qua,tac dung,co tac dung,cong hieu => __synonym__cong_dung,
co dien,vintage => __synonym__vintage,
co tru,co tau,co dung => __synonym__co_tru,
cong so,di lam,van phong => __synonym__cong_so,
cong trinh,cong truong => __synonym__cong_trinh,
controller,controllers => __synonym__controller,
couple,cap doi => __synonym__couple,
croptop,crop top => __synonym__crop_top,
culottes,quan culottes,quan lung ong rong,quan suong lung,quan ong suong lung => __synonym__culottes,
cuon sach,quyen sach => __synonym__cuon_sach,
cuon tieu thuyet,tieu thuyet => __synonym__cuon_tieu_thuyet,
cuop bien,hai tac => __synonym__cuop_bien,
cute,dang yeu,kute,de thuong => __synonym__cute,
czech,cong hoa sec => __synonym__sec,
da kim cuong,diamond,kim cuong => __synonym__da_kim_cuong,
da so,hau het => __synonym__da_so,
dam da hoi,dam du tiec,dam di tiec => __synonym__dam_da_hoi,
dai tay,tay dai => __synonym__dai_tay,
dam jean,dam jeans => __synonym__dam_jean,
dam maxi,maxi => __synonym__maxi,
dam me va be,dam me be => __synonym__dam_me_va_be,
dam om,dam body => __synonym__dam_om,
dam oversize,dam suong form a,dam suong chu a,dam suong form rong => __synonym__dam_oversize,
dam suong,dam suon,vay suong => __synonym__dam_suong,
dam tiec,dam da tiec,dam da hoi,dam du tiec,dam di tiec => __synonym__dam_tiec,
dam xoe,vay xoe => __synonym__dam_xoe,
dang sau,phia sau => __synonym__dang_sau,
dap xe dap,dap xe,di xe dap => __synonym__dap_xe_dap,
dau phong,dau phung => __synonym__dau_phong,
day buoc,day chun,day thun => __synonym__day_buoc,
day dan dien,day dien => __synonym__day_dan_dien,
decal,decan,de can => __synonym__decal,
den dien,bong dien => __synonym__den_dien,
dep lao,dep kep,dep xo ngon,dep tong => __synonym__dep_lao,
dep xang dan,xang dan,dep quai hau,sandal,sandals => __synonym__dep_xang_dan,
di bien,di choi bien => __synonym__di_bien,
di tiec,du tiec => __synonym__di_tiec,
diet tru,tieu diet => __synonym__diet,
dieu khien,remote => __synonym__dieu_khien,
dinh hot,dinh hat,dinh cuom => __synonym__dinh_hat,
do gia dung,gia dung => __synonym__do_gia_dung,
do hai san,hai san => __synonym__do_hai_san,
do trang suc,trang suc => __synonym__do_trang_suc,
do trang tri,vat trang tri,do trung bay => __synonym__do_trang_tri,
dong ho cap,dong ho doi => __synonym__dong_ho_cap,
dong ho day da,dong ho da => __synonym__dong_ho_day_da,
dong ho thong minh,smartwatch,smart watch => __synonym__dong_ho_thong_minh,
drives,drive => __synonym__drives,
du di mua,o du,umbrella,o di mua => __synonym__du_di_mua,
duong ong dan,ong dan => __synonym__duong_ong_dan,
durian,sau rieng => __synonym__durian,
earphone,tai nghe,headset,earphones => __synonym__earphone,
em be gai,be gai => __synonym__em_be_gai,
erobic,aerobic => __synonym__erobic,
estee,estee => __synonym__estee,
etude house,etude => __synonym__etude_house,
european,chau au,europe => __synonym__eu,
eye,eyes => __synonym__eye,
eyelash,long mi => __synonym__eyelash,
feedback,reviews,review,nhan xet => __synonym__feedback,
fibre,fabrics,fiber => __synonym__fibre,
films,film => __synonym__films,
fisherprice,fisher price => __synonym__fisherprice,
flashcard,flashcards => __synonym__flashcard,
forever 21,forever21 => __synonym__forever_21,
form,fom,phom => __synonym__form,
funny,hai huoc => __synonym__fun,
ga phu giuong,ga trai giuong,ga giuong,ga phu,drap phu,drap,drap trai => __synonym__ga_phu_giuong,
gach men,gach men su => __synonym__gach_men,
game,games => __synonym__game,
gang tay,bao tay,glove => __synonym__gang_tay,
gay chup hinh,gay chup anh,gay tu suong => __synonym__gay_chup_hinh,
ghe ngoi,chiec ghe => __synonym__ghe,
ghost,ghosts => __synonym__ghost,
giam can,giam beo,giam mo => __synonym__giam_can,
giam dau,giam con dau,lam giam dau => __synonym__giam_dau,
giam gia,sale,sale off => __synonym__sale,
giang sinh,noel,noen => __synonym__noel,
gian don,don gian => __synonym__gian_don,
gian no,dan no => __synonym__gian_no,
giang vien,nha giao,thay co giao,giao vien => __synonym__giang_vien,
giay boot,giay boots,giay bot => __synonym__giay_boot,
girls,girl => __synonym__girls,
giuong xep,giuong gap => __synonym__giuong_xep,
glucosamine,glucosamin => __synonym__glucosamine,
greentea,tra xanh,che xanh => __synonym__greentea,
guita,ghita,guitar => __synonym__guita,
gung,cu gung => __synonym__gung,
guong,chiec guong => __synonym__guong,
ha noi,hanoi => __synonym__ha_noi,
hai day,2 day => __synonym__hai_day,
ham nong,dun nong,hap nong => __synonym__ham_nong,
handmade,thu cong,lam thu cong => __synonym__handmade,
hang bai,hang cu => __synonym__hang_bai,
hat hanh nhan,hanh nhan => __synonym__hat_hanh_nhan,
hat yen mach,yen mach,oats => __synonym__hat_yen_mach,
helicopter,truc thang => __synonym__helicopter,
hellokitty,hello kitty => __synonym__hellokitty,
herbal,herb => __synonym__herbal,
hinh anh,hinh,tam hinh => __synonym__hinh_anh,
hinh dau lau,skull => __synonym__dau_lau,
hit vao,hit => __synonym__hit_vao,
ho chieu,passport => __synonym__ho_chieu,
hoa cuong,da hoa cuong => __synonym__hoa_cuong,
hoan my,hoan mi,hoan hao => __synonym__hoan_my,
hoa tiet,hoa van => __synonym__hoa_van,
hong kong,hongkong => __synonym__hong_kong,
homemade,nha lam => __synonym__homemade,
hot nhat,hot trend,trendy,trending => __synonym__hottrend,
huou,huou cao co => __synonym__huou,
huu co,organic,organics => __synonym__huu_co,
hymalaya,himalaya => __synonym__hymalaya,
inches,inchs,inch => __synonym__inches,
indo,indonesia => __synonym__indo,
innox,inox => __synonym__innox,
italia,italy,itali => __synonym__italia,
jazz,nhac jazz => __synonym__jazz,
jean,jeans => __synonym__jean,
jean,vai jean,jeans,vai jeans,denim => __synonym__vai_bo,
joggers,jogger => __synonym__joger,
jumpsuit,jumsuit,do bay => __synonym__jumpsuit,
keo tia,keo cat tia => __synonym__keo_tia,
khach san,hotel,hotels => __synonym__khach_san,
khan cap,sos,cap bach => __synonym__khan_cap,
khan quang co,khan choang,khan quang,khan choang co => __synonym__khan_quang_co,
khuyen tai,hoa tai,bong tai => __synonym__khuyen_tai,
khuynh huong,xu huon,trao luu,trend => __synonym__khuynh_huong,
kiehl,kiehls => __synonym__kiehl,
kiem tra,test => __synonym__kiem_tra,
kieng an,an kieng => __synonym__kieng_an,
kim tuyen,kim sa => __synonym__kim_tuyen,
korea,han quoc => __synonym__korea,
ky dieu,than ky,than ki,ki dieu => __synonym__ky_dieu,
ky thuat so,ki thuat so => __synonym__ky_thuat_so,
lac tay,vong tay,vong deo tay => __synonym__lac_tay,
lai xe,di xe => __synonym__lai_xe,
lap rap,lap ghep => __synonym__lap_rap,
le cuoi,tiec cuoi => __synonym__le_cuoi,
lien minh huyen thoai,lmht => __synonym__lien_minh_huyen_thoai,
lips,lip => __synonym__lips,
listerin,listerine => __synonym__listerin,
lo suoi,may suoi => __synonym__lo_suoi,
lua mach,cay lua mach => __synonym__lua_mach,
luon song,gon song,uon luon => __synonym__luon_song,
ma vach,barcode => __synonym__ma_vach,
magnifier,kinh lup => __synonym__magnifier,
makeup,trang diem,make up => __synonym__makeup,
mang internet,internet => __synonym__mang,
mat kinh,mat kieng => __synonym__kinh,
mat na,mask => __synonym__mat_na,
mau don,hoa mau don => __synonym__mau_don,
maxi,dam maxi => __synonym__maxi,
may chup hinh,may anh,may chup anh => __synonym__may_chup_hinh,
may loc,thiet bi loc => __synonym__may_loc,
may may,may khau => __synonym__may_may,
may quay phim,may quay video => __synonym__may_quay_phim,
may vi tinh,may tinh => __synonym__may_vi_tinh,
mem muot,min,mem min,mem mai => __synonym__mem,
microscope,kinh hien vi => __synonym__microscope,
micro,mic => __synonym__micro,
minion,minions => __synonym__minion,
mint,bac ha => __synonym__mint,
mobi,mobiphone,mobifone => __synonym__mobi,
moc cau,luoi cau => __synonym__moc_cau,
mon qua,qua tang=> __synonym__mon_qua,
mooncake,banh trung thu => __synonym__mooncake,
mother,mum,mommy,mama,mummy => __synonym__mother,
muc gia,gia tien,gia thanh=> __synonym__muc_gia,
mullet,mulet => __synonym__mullet,
mu bao hiem,non bao hiem => __synonym__mu_bao_hiem,
my pham,mi pham,do my pham => __synonym__my_pham,
nam gioi,phai manh,quy ong=> __synonym__nam_gioi,
nam dinh,dinh tan => __synonym__nam_dinh,
nam giua,o giua => __synonym__nam_giua,
ngan tay,tay ngan,coc tay => __synonym__ngan_tay,
ngay sinh nhat,sinh nhat => __synonym__ngay_sinh_nhat,
ngu coc,cereal => __synonym__ngu_coc,
nguoi lon tuoi,nguoi cao tuoi,nguoi co tuoi,nguoi gia => __synonym__nguoi_lon_tuoi,
nhan ai,vi tha => __synonym__nhan_ai,
nhan cap,nhan doi => __synonym__nhan_cap,
nhan sam,cu sam => __synonym__sam,
nhan cap => __synonym__nhan_doi,
nhat ban,japan => __synonym__nhat_ban,
nhuy,nhuy hoa => __synonym__nhuy,
noi that,do noi that => __synonym__noi_that,
non bao hiem,helmet,mu bao hiem => __synonym__non_bao_hiem,
non len,mu len => __synonym__non_len,
notebooks,notebook => __synonym__notebooks,
nu tinh,diu dang => __synonym__nu_tinh,
num ti,num vu => __synonym__dau_vu,
nuoc giai khat,nuoc ngot => __synonym__nuoc_giai_khat,
nuoc nga,lien bang nga,russia => __synonym__nga,
nuoc hoa,perfume => __synonym__nuoc_hoa,
nuoc uong,thuc uong => __synonym__nuoc_uong,
nylon,nilon,nilong => __synonym__nylon,
o cam dien,o cam,o dien => __synonym__o_cam_dien,
oc sen,snail => __synonym__oc_sen,
ohlins,ohlin,olins => __synonym__ohlins,
ong dia,tho cong,tho dia => __synonym__ong_dia,
ong ngam,binoculars,ong nhom => __synonym__ong_ngam,
outdoor,ngoai troi => __synonym__outdoor,
ovan,o van,oval => __synonym__ovan,
pamper,pampers => __synonym__pamper,
pedal,ban dap => __synonym__pedal,
penguin,chim canh cut => __synonym__penguin,
phan khoi lon,pkl => __synonym__phan_khoi_lon,
phanh,thang xe,phanh xe => __synonym__phanh,
phao bong,phao hoa => __synonym__phao_bong,
phich cam,phich cam dien => __synonym__phich_cam,
phien ban,version,ver,vers => __synonym__phien_ban,
phillip,phillips => __synonym__phillip,
phong lan,cay phong lan => __synonym__cay_hoa_lan,
phong nen,background => __synonym__phong_nen,
phong thuy,tam linh => __synonym__phong_thuy,
phong tiep khach,phong khach => __synonym__phong_tiep_khach,
phu nu,nu gioi,phai dep => __synonym__phu_nu,
phu quy,thinh vuong,giau sang => __synonym__phu_quy,
phuc hoi,phuc hoi lai,khoi phuc,hoi phuc => __synonym__phuc_hoi,
picnic,cam trai,da ngoai => __synonym__picnic,
pijama,pyjama => __synonym__do_ngu,
placenta,nhau thai,rau thai => __synonym__placenta,
polymer,polyme,polimer => __synonym__polymer,
postcard,buu thiep => __synonym__postcard,
potato,khoai tay => __synonym__potato,
pretty,gorgeous,beautiful => __synonym__pretty,
printer,may in => __synonym__printer,
psp,playstation => __synonym__psp,
puly,pulley => __synonym__puly,
puzzles,puzzle => __synonym__puzzles,
qua cha la,trai cha la => __synonym__qua_cha_la,
qua chuoi,trai chuoi => __synonym__qua_chuoi,
qua dua leo,qua dua chuot,cucumber,dua leo,dua chuot => __synonym__qua_dua_leo,
qua tao,trai tao => __synonym__qua_tao,
quadcopter,drone,flycam => __synonym__quadcopter,
quan ao boi,swimsuit,do boi,bikini,ao tam,ao boi,do tam => __synonym__quan_ao_boi,
quan ao lot,noi y,do lot => __synonym__quan_ao_lot,
quan ao,ao quan,bo quan ao => __synonym__do_bo,
quan bar,san nhay,vu truong => __synonym__quan_bar,
quan chip,quan lot => __synonym__quan_chip,
quan leg,quan legging,quan leggings => __synonym__quan_leggings,
quan jean,quan jeans,quan bo,quan denim => __synonym__quan_jean,
quan lot nam,quan sip => __synonym__quan_lot_nam,
quan ong rong,quan ong suong => __synonym__quan_ong_rong,
quan sip,quan lot nam => __synonym__quan_sip,
quan sooc,sooc => __synonym__quan_sooc,
quan tay,quan au => __synonym__quan_tay,
quan vay,quan gia vay => __synonym__quan_vay,
quat may,quat dien => __synonym__quat_may,
qui phai,sanh dieu,dang cap,thoi thuong,quy phai => __synonym__qui_phai,
quy khach,khach hang,khach,qui khach => __synonym__quy_khach,
rabbit,bunny => __synonym__rabbit,
rac thai,rac => __synonym__rac_thai,
role,ro le => __synonym__role,
rolex,dong ho rolex => __synonym__dong_ho_rolex,
rotor,ro to,roto => __synonym__rotor,
rua bat,rua bat dia,rua chen,rua chen dia => __synonym__rua_bat,
rubic,rubik => __synonym__rubic,
rulo,ru lo => __synonym__rulo,
ruy bang,ruybang => __synonym__ruy_bang,
sac mau,mau sac => __synonym__sac_mau,
sach giao trinh,giao trinh => __synonym__sach_giao_trinh,
saffron,nghe tay,hoa nghe tay => __synonym__saffron,
sai gon,tp hcm,hcm city,tp ho chi minh,thanh pho ho chi minh => __synonym__sai_gon,
sailor,thuy thu => __synonym__sailor,
san pham,sp => __synonym__san_pham,
sandal,sandals,sandan,sandanl,xang dan => __synonym__sandal,
sapa,sa pa => __synonym__sapa,
sat khuan,diet khuan,khu khuan,diet vi khuan => __synonym__sat_khuan,
satin,vai satin => __synonym__satin,
scooter,xe truot => __synonym__scooter,
selfie,selfi,tu suong => __synonym__selfie,
serial,seri,se => __synonym__serial,
sexy,goi cam,kheu goi,cuon hut,quyen ru => __synonym__sexy,
size,kich thuoc => __synonym__size,
sharpener,dung cu mai => __synonym__sharpener,
shaver,may cao rau => __synonym__shaver,
shop,store,cua tiem,cua hang => __synonym__shop,
shoulder,shoulders => __synonym__shoulder,
sieu nhan,superman => __synonym__sieu_nhan,
silk,to tam => __synonym__silk,
simily,simili => __synonym__simily,
sinh ton,survive => __synonym__sinh_ton,
slipon,slip on,slipons => __synonym__slipon,
skateboard,van truot => __synonym__skateboard,
skincare,duong da => __synonym__skincare,
slipon,slip on,slipons => __synonym__slipon,
sneakers,sneaker => __synonym__sneakers,
so tay,so ghi chep => __synonym__so_tay,
so mi,somi => __synonym__somi,
soc ngang,ke ngang => __synonym__soc_ngang,
soap,xa phong,xa bong => __synonym__soap,
software,phan mem => __synonym__software,
soi day chuyen,vong deo co,vong co,day chuyen => __synonym__soi_day_chuyen,
son moi,thoi son,lipstick => __synonym__son,
speakers,speaker => __synonym__speakers,
sport,sports,the thao => __synonym__sport,
stand,stands => __synonym__stand,
standard,standards => __synonym__standard,
sticker,stickers => __synonym__sticker,
stones,stone => __synonym__stones,
stress,met moi => __synonym__
style,phong cach => __synonym__style,
suit,suits => __synonym__suit,
tag,nhan mac => __synonym__tag,
tam giac,hinh tam giac => __synonym__tam_giac,
tam tham,tham trai => __synonym__tam_tham,
tang sinh ly,kich duc => __synonym__tang_sinh_ly,
tap luyen,luyen tap => __synonym__tap_luyen,
tap the duc,tap the thao => __synonym__tap_the_duc,
tay lo,tay lung => __synonym__tay_lo,
thai lan,thailand => __synonym__thai_lan,
thanh li,thanh ly => __synonym__thanh_li,
thanh lich,thanh nha => __synonym__thanh_lich,
thanh loc,giai doc,thai doc => __synonym__thanh_loc,
thao duoc,thao moc,duoc lieu,duoc thao => __synonym__thao_duoc,
that lung,day nit,day that lung => __synonym__day_lung,
the duc,the thao => __synonym__the_duc,
the face shop,thefaceshop => __synonym__the_face_shop,
theu tay,theu thu cong => __synonym__theu_tay,
thoang khi,thong khi,thong thoang => __synonym__thoang_khi,
thoi trang,fashion => __synonym__thoi_trang,
thu bong,thu nhoi bong => __synonym__thu_bong,
thu gon,rut gon => __synonym__thu_gon,
thung chua,thung dung => __synonym__thung_chua,
thung rac,thung dung rac => __synonym__thung_rac,
thuoc cuon,thuoc day => __synonym__thuoc_cuon,
thuoc tru sau,thuoc sau => __synonym__thuoc_tru_sau,
tia laze,laser,laze => __synonym__tia_laze,
tia tu ngoai,tia uv,tia cuc tim => __synonym__uv,
tieng anh,english => __synonym__tieng_anh,
tieng trung quoc,tieng hoa,tieng trung => __synonym__tieng_han,
tien dung,tien ich,tien loi => __synonym__tien_dung,
tin cay,uy tin,co uy tin => __synonym__tin_cay,
titanium,titan => __synonym__titanium,
to vit,tua vit => __synonym__to_vit,
toan the gioi,tren the gioi,khap the gioi => __synonym__toan_the_gioi,
toc xoan,toc quan,toc uon => __synonym__toc_xoan,
toilet,phong ve sinh,nha ve sinh,restroom => __synonym__toilet,
tool,tools => __synonym__tool,
toy,toys,do choi => __synonym__toy,
trai bong,trai banh => __synonym__trai_bong,
trai cay,hoa qua => __synonym__trai_cay,
trai dao,qua dao => __synonym__trai_dao,
trai tim,con tim => __synonym__tym,
tranformer,transformers=> __synonym__tranformer,
trang phuc nu,do nu => __synonym__trang_phuc_nu,
tre nho,be con,kid,con nit,tre em,tre con,kids,dua tre => __synonym__tre_nho,
tre so sinh,em be,baby,so sinh => __synonym__tre_so_sinh,
tren cao,o tren cao => __synonym__tren_cao,
treseme,tresemme => __synonym__tresemme,
trinh chieu,slideshow => __synonym__trinh_chieu,
trung nien,trung tuoi,tuoi trung nien => __synonym__trung_nien,
tu duy,tri tue,tri thong minh => __synonym__tu_duy,
tu sach,gia sach,ke sach => __synonym__tu_sach,
tuban,turban => __synonym__tuban,
tui xach tay,tui xach => __synonym__tui_xach_tay,
tuoi teen,teen,teenager => __synonym__tuoi_teen,
tv,ti vi => __synonym__tv,
ty le,ti le => __synonym__ty_le,
usd,dollar => __synonym__usd,
va dap,va cham => __synonym__va_dap,
va li,vali => __synonym__va_li,
vacuum,may hut bui => __synonym__vacuum,
vai thun,vai cotton,cotton,thun => __synonym__vai_thun,
vani,vanilla,huong vani => __synonym__vani,
vat lieu,nguyen vat lieu => __synonym__vat_lieu,
vay jean,vay jeans,vay bo => __synonym__vay_jean,
vay ngu,dam ngu => __synonym__vay_ngu,
vest,bo vest,veston => __synonym__vest,
vet tray xuoc,vet tray,vet xuoc => __synonym__vet_tray_xuoc,
vi sinh,vi sinh vat=> __synonym__vi_sinh,
vi xu ly,vi xu li => __synonym__vi_xu_ly,
vi nam,bop nam => __synonym__vi_nam,
video,videos => __synonym__video,
vien con nhong,vien nhong,vien nang => __synonym__vien_con_nhong,
vien ngoc trai,ngoc trai => __synonym__vien_ngoc_trai,
viet nam xuat khau,vnxk => __synonym__viet_nam_xuat_khau,
viet quat,blueberry => __synonym__viet_quat,
vina,vinaphone => __synonym__vina,
vip,cao cap => __synonym__vip,
virut,virus,viruts,vi rut => __synonym__virut,
vo boc,lop vo boc => __synonym__
voi sen,voi hoa sen => __synonym__voi_sen,
volcanic,nui lua => __synonym__volcanic,
volt,vol => __synonym__von,
vong quanh,chung quanh,xung quanh => __synonym__vong_quanh,
vong co => __synonym__vong_co,
vong tay => __synonym__vong_tay,
vuong quoc anh,uk => __synonym__vuong_quoc_anh,
wallet,vi tien,bop tien => __synonym__wallet,
wars,war => __synonym__wars,
watercolor,mau nuoc => __synonym__watercolor,
xanh bien,xanh lam,xanh da troi => __synonym__xanh_bien,
xanh luc,xanh la cay => __synonym__xanh_luc,
xe lua,tau hoa => __synonym__xe_lua,
xe mo to,xe gan may,xe may => __synonym__xe_mo_to,
xe tai,o to tai => __synonym__xe_tai,
xe taxi,taxi=> __synonym__xe_taxi,
xen ke,dan xen => __synonym__xen_ke,
xep ly,xep li => __synonym__xep_ly,
xi tin,nhi nhanh,xiteen => __synonym__xi_tin,
xinh xeo,xinh dep,xinh tuoi,xinh xan => __synonym__xinh_xeo,
xuan,mua xuan => __synonym__xuan,
xy lanh,xilanh,xi lanh => __synonym__xylanh,
ysl,yves saint laurent => __synonym__ysl,
zenfone,zenphone => __synonym__zenfone,
zigzag,ziczac => __synonym__zigzag,
